water_temp_c,salinity_psu,pressure_dbar,dissolved_oxygen_mg_l,turbidity_ntu,current_speed_ms,wind_speed_ms,air_temp_c,humidity_pct,atm_pressure_hpa,wave_height_m,wave_period_s,current_direction_deg,wind_direction_deg,depth_m,timestamp_min,event,latitude,longitude,transmitted,water_temp_c_status,salinity_psu_status,pressure_dbar_status,dissolved_oxygen_mg_l_status,turbidity_ntu_status,current_speed_ms_status,wind_speed_ms_status,air_temp_c_status,humidity_pct_status,atm_pressure_hpa_status,wave_height_m_status,wave_period_s_status,solar_availability,solar_irradiance_wm2,wind_energy_potential_wm2,current_energy_potential_wm2
5.522742938819003,33.933767173183654,10.233524041570599,9.638555298474476,2.054404660182391,0.6580663043333512,9.868429169034881,4.493916884560878,81.54318151110252,1002.8870257807289,2.4622591193824053,8.172353745472941,95.11361612669141,285.55583870857896,10.0,0,NORMAL,-55.0,60.0,True,OK,OK,OK,OK,OK,OK,OK,OK,OK,OK,OK,OK,0.0,0.0,569.24,150.79
5.380343549446123,33.977178879365525,10.264061534784862,9.883023069716305,1.6326759061894531,0.6233325127805215,9.595831296703766,4.395698510016236,84.42298200896296,1004.8805474905477,2.2328236559350714,8.000901782003023,94.66743236562913,271.35158138977783,10.0,60,NORMAL,-55.0,60.0,True,OK,OK,OK,OK,OK,OK,OK,OK,OK,OK,OK,OK,0.0,0.0,501.92,117.25
5.450984999295113,33.98411268371964,10.199337270249906,9.489826775689895,1.4559367601952111,0.6590808630090539,9.160059350945573,4.300844149534324,78.07344798733232,1005.110284749975,2.0374430623390016,7.174567619863758,75.47784613739714,270.24988237455375,10.0,120,NORMAL,-55.0,60.0,True,OK,OK,OK,OK,OK,OK,OK,OK,OK,OK,OK,OK,0.0,0.0,437.47,130.05
5.484484262648065,33.93144312623224,10.204189356625761,9.50384186958013,2.148158980975151,0.6702450306937977,9.373361055819599,4.591366896439621,82.24463279173561,1007.6479797072726,2.462459940686862,7.365822776437891,49.0601002951254,277.1374211829902,10.0,180,NORMAL,-55.0,60.0,True,OK,OK,OK,OK,OK,OK,OK,OK,OK,OK,OK,OK,0.0,0.0,553.88,117.46
5.288033788489723,33.97238471093544,10.203232316488727,9.707476714698657,1.5735999399862897,0.6523368078226217,12.34268730675109,3.915241360395709,80.21093842336278,1004.3174258669264,3.657123117320779,10.109997794213811,70.02817605843391,253.57226641551227,10.0,240,NORMAL,-55.0,60.0,True,OK,OK,OK,OK,OK,OK,OK,OK,OK,OK,OK,OK,0.0293,29.3,1127.85,140.19
5.776096253481067,33.943179200329155,10.171158165129185,9.544058245433408,1.7352798179463307,0.6647915074538834,9.07636852983069,4.570556375552626,82.22713119111101,1004.1309201668342,1.8832333355966706,7.682172820269642,115.73307178756178,298.1496372262743,10.0,300,NORMAL,-55.0,60.0,True,OK,OK,OK,OK,OK,OK,OK,OK,OK,OK,OK,OK,0.1582,158.2,399.89,137.35
5.3186357694211495,33.93896391469051,10.160566170474576,9.450888460170582,1.662992611265204,0.6405555394758469,10.358030096537648,4.1381284925473505,74.18323710241405,1004.5414744139057,2.5539524601913524,8.476624032737883,60.83664649025566,259.4112114526785,10.0,360,NORMAL,-55.0,60.0,True,OK,OK,OK,OK,OK,OK,OK,OK,OK,OK,OK,OK,0.2965,296.5,635.72,147.54
5.456050438138979,34.00400233207184,10.190227271229896,9.657860567700538,1.695769756449662,0.6188759633257147,8.756116887110146,5.168881472304112,86.34815012610444,1005.93569084697,2.1981008107272824,7.82453354681898,86.10853606346042,247.75177056033164,10.0,420,NORMAL,-55.0,60.0,True,OK,OK,OK,OK,OK,OK,OK,OK,OK,OK,OK,OK,0.4348,434.8,529.48,119.69
5.451840894623426,33.95655747766124,10.19529457115683,9.898909269117867,1.661405938016672,0.6762499834231717,9.847236496863427,4.521110342814002,86.01524342912225,1006.0339910532522,2.361182560601116,7.769546808763146,137.09647555910774,264.0685809293058,10.0,480,NORMAL,-55.0,60.0,True,OK,OK,OK,OK,OK,OK,OK,OK,OK,OK,OK,OK,0.5636,563.6,551.44,165.9
5.54426490017719,33.98718736218891,10.28547836136963,9.287677622140375,1.9736221370891263,0.6131003157938613,9.395202880189185,5.086428511672856,83.94688990499203,1007.8569945218599,1.962417880541989,7.474671124745528,26.736224021842304,286.2752737993242,10.0,540,NORMAL,-55.0,60.0,True,OK,OK,OK,OK,OK,OK,OK,OK,OK,OK,OK,OK,0.6743,674.3,467.97,127.87
